{"spot_diameter_fullres": 85.49393499999998, "tissue_hires_scalef": 0.15874276, "fiducial_diameter_fullres": 138.10559, "tissue_lowres_scalef": 0.047622826}