{"spot_diameter_fullres": 85.51244999999999, "tissue_hires_scalef": 0.17459625, "fiducial_diameter_fullres": 138.1355, "tissue_lowres_scalef": 0.052378874}